<TICKER>;<PER>;<DATE>;<TIME>;<OPEN>;<HIGH>;<LOW>;<CLOSE>
EURUSD;D;01/01/17;000000;1.0527000;1.0528000;1.0509000;1.0515000
EURUSD;D;02/01/17;000000;1.0515000;1.0529300;1.0455000;1.0459900
EURUSD;D;03/01/17;000000;1.0459900;1.0490100;1.0339400;1.0401700
EURUSD;D;04/01/17;000000;1.0402000;1.0499800;1.0387000;1.0486000
EURUSD;D;05/01/17;000000;1.0485700;1.0615400;1.0479000;1.0598900
EURUSD;D;06/01/17;000000;1.0598800;1.0622100;1.0522000;1.0534100
EURUSD;D;07/01/17;000000;1.0533800;1.0535500;1.0527000;1.0532000
EURUSD;D;08/01/17;000000;1.0531800;1.0538000;1.0524000;1.0528100
EURUSD;D;09/01/17;000000;1.0528000;1.0583100;1.0508000;1.0568400
EURUSD;D;10/01/17;000000;1.0568700;1.0627400;1.0549000;1.0560900
EURUSD;D;11/01/17;000000;1.0561700;1.0622900;1.0452000;1.0572100
EURUSD;D;12/01/17;000000;1.0572800;1.0684800;1.0569000;1.0622000
EURUSD;D;13/01/17;000000;1.0623300;1.0673600;1.0595500;1.0637100
EURUSD;D;14/01/17;000000;1.0636900;1.0645000;1.0634000;1.0639900
EURUSD;D;15/01/17;000000;1.0615000;1.0627000;1.0599000;1.0601800
EURUSD;D;16/01/17;000000;1.0599000;1.0635900;1.0577000;1.0599200
EURUSD;D;17/01/17;000000;1.0598500;1.0720000;1.0594700;1.0704800
EURUSD;D;18/01/17;000000;1.0704900;1.0715900;1.0628000;1.0638200
EURUSD;D;19/01/17;000000;1.0637500;1.0676700;1.0588400;1.0660100
EURUSD;D;20/01/17;000000;1.0660300;1.0709600;1.0623000;1.0695500
EURUSD;D;21/01/17;000000;1.0695400;1.0704900;1.0689000;1.0699000
EURUSD;D;22/01/17;000000;1.0705100;1.0705100;1.0705100;1.0705100
EURUSD;D;23/01/17;000000;1.0705100;1.0754900;1.0700500;1.0743400
EURUSD;D;24/01/17;000000;1.0743200;1.0775000;1.0718000;1.0732900
EURUSD;D;25/01/17;000000;1.0733400;1.0770000;1.0709000;1.0752100
EURUSD;D;26/01/17;000000;1.0752400;1.0765700;1.0655000;1.0675500
EURUSD;D;27/01/17;000000;1.0675400;1.0725000;1.0657000;1.0694900
EURUSD;D;28/01/17;000000;1.0695300;1.0699100;1.0691000;1.0697900
EURUSD;D;29/01/17;000000;1.0690000;1.0718000;1.0685900;1.0715000
EURUSD;D;30/01/17;000000;1.0717000;1.0740300;1.0618800;1.0694500
EURUSD;D;31/01/17;000000;1.0694300;1.0812300;1.0682000;1.0796100
EURUSD;D;01/02/17;000000;1.0795700;1.0807500;1.0729400;1.0769600
EURUSD;D;02/02/17;000000;1.0770000;1.0828800;1.0754000;1.0761700
EURUSD;D;03/02/17;000000;1.0762300;1.0800000;1.0709900;1.0779600
EURUSD;D;04/02/17;000000;1.0778900;1.0787900;1.0775000;1.0780400
EURUSD;D;05/02/17;000000;1.0782000;1.0800000;1.0777000;1.0794000
EURUSD;D;06/02/17;000000;1.0794000;1.0798000;1.0704000;1.0750500
EURUSD;D;07/02/17;000000;1.0750500;1.0754100;1.0654000;1.0688100
EURUSD;D;08/02/17;000000;1.0688300;1.0714000;1.0638000;1.0687000
EURUSD;D;09/02/17;000000;1.0687600;1.0710000;1.0649000;1.0661600
EURUSD;D;10/02/17;000000;1.0662100;1.0667700;1.0606000;1.0637500
EURUSD;D;11/02/17;000000;1.0637600;1.0641900;1.0630000;1.0637000
EURUSD;D;12/02/17;000000;1.0637000;1.0640100;1.0619600;1.0623600
EURUSD;D;13/02/17;000000;1.0625900;1.0658400;1.0590000;1.0595800
EURUSD;D;14/02/17;000000;1.0595600;1.0633500;1.0559000;1.0576100
EURUSD;D;15/02/17;000000;1.0575100;1.0605800;1.0528900;1.0601900
EURUSD;D;16/02/17;000000;1.0601900;1.0680000;1.0587000;1.0673300
EURUSD;D;17/02/17;000000;1.0673000;1.0676900;1.0603000;1.0608200
EURUSD;D;18/02/17;000000;1.0608100;1.0616200;1.0604000;1.0612800
EURUSD;D;19/02/17;000000;1.0616000;1.0622200;1.0601400;1.0606000
EURUSD;D;20/02/17;000000;1.0609400;1.0633000;1.0601000;1.0614600
EURUSD;D;21/02/17;000000;1.0614600;1.0616000;1.0523000;1.0544100
EURUSD;D;22/02/17;000000;1.0544800;1.0574100;1.0492000;1.0566100
EURUSD;D;23/02/17;000000;1.0566100;1.0595400;1.0536000;1.0581600
EURUSD;D;24/02/17;000000;1.0582100;1.0620000;1.0555000;1.0561000
EURUSD;D;25/02/17;000000;1.0561200;1.0562800;1.0547000;1.0551000
EURUSD;D;26/02/17;000000;1.0560000;1.0569200;1.0555700;1.0566800
EURUSD;D;27/02/17;000000;1.0566700;1.0630700;1.0549000;1.0589900
EURUSD;D;28/02/17;000000;1.0589500;1.0630100;1.0566600;1.0594700
EURUSD;D;01/03/17;000000;1.0594900;1.0594900;1.0512700;1.0545800
EURUSD;D;02/03/17;000000;1.0545700;1.0551600;1.0493000;1.0507000
EURUSD;D;03/03/17;000000;1.0506700;1.0617300;1.0500000;1.0615700
EURUSD;D;04/03/17;000000;1.0616000;1.0623900;1.0609000;1.0618200
EURUSD;D;05/03/17;000000;1.0614000;1.0615000;1.0600000;1.0602400
EURUSD;D;06/03/17;000000;1.0602000;1.0640200;1.0572000;1.0582400
EURUSD;D;07/03/17;000000;1.0582300;1.0602600;1.0556000;1.0570000
EURUSD;D;08/03/17;000000;1.0569900;1.0574200;1.0533000;1.0543000
EURUSD;D;09/03/17;000000;1.0543300;1.0615400;1.0522000;1.0582000
EURUSD;D;10/03/17;000000;1.0581900;1.0699100;1.0569700;1.0686600
EURUSD;D;11/03/17;000000;1.0686700;1.0689600;1.0667000;1.0670000
EURUSD;D;12/03/17;000000;1.0671000;1.0688000;1.0669000;1.0675700
EURUSD;D;13/03/17;000000;1.0675600;1.0714400;1.0649000;1.0652500
EURUSD;D;14/03/17;000000;1.0653000;1.0662700;1.0598000;1.0603600
EURUSD;D;15/03/17;000000;1.0603600;1.0740200;1.0601000;1.0733900
EURUSD;D;16/03/17;000000;1.0733800;1.0770300;1.0703000;1.0765500
EURUSD;D;17/03/17;000000;1.0764500;1.0782400;1.0725000;1.0736600
EURUSD;D;18/03/17;000000;1.0736000;1.0742000;1.0733800;1.0733800
EURUSD;D;19/03/17;000000;1.0736000;1.0738000;1.0727000;1.0730400
EURUSD;D;20/03/17;000000;1.0735900;1.0777300;1.0722000;1.0739400
EURUSD;D;21/03/17;000000;1.0738000;1.0820000;1.0717000;1.0810000
EURUSD;D;22/03/17;000000;1.0809500;1.0824700;1.0773000;1.0796800
EURUSD;D;23/03/17;000000;1.0796100;1.0805000;1.0766000;1.0782300
EURUSD;D;24/03/17;000000;1.0781800;1.0818100;1.0758000;1.0797000
EURUSD;D;25/03/17;000000;1.0797000;1.0798000;1.0795000;1.0795000
EURUSD;D;26/03/17;000000;1.0795000;1.0846400;1.0794000;1.0836200
EURUSD;D;27/03/17;000000;1.0836400;1.0906100;1.0824000;1.0863200
EURUSD;D;28/03/17;000000;1.0864200;1.0872700;1.0796000;1.0810300
EURUSD;D;29/03/17;000000;1.0811400;1.0826600;1.0737000;1.0764000
EURUSD;D;30/03/17;000000;1.0764000;1.0770000;1.0669000;1.0673700
EURUSD;D;31/03/17;000000;1.0674800;1.0701900;1.0649900;1.0651500
EURUSD;D;01/04/17;000000;1.0651000;1.0665000;1.0649800;1.0663000
EURUSD;D;02/04/17;000000;1.0658000;1.0664000;1.0656400;1.0660500
EURUSD;D;03/04/17;000000;1.0657300;1.0681100;1.0640000;1.0668900
EURUSD;D;04/04/17;000000;1.0668900;1.0677300;1.0633000;1.0672900
EURUSD;D;05/04/17;000000;1.0671700;1.0690000;1.0633600;1.0662100
EURUSD;D;06/04/17;000000;1.0660600;1.0684100;1.0627000;1.0643600
EURUSD;D;07/04/17;000000;1.0643800;1.0667200;1.0578000;1.0589500
EURUSD;D;09/04/17;000000;1.0595000;1.0602000;1.0578100;1.0586800
EURUSD;D;10/04/17;000000;1.0586400;1.0606700;1.0568000;1.0595300
EURUSD;D;11/04/17;000000;1.0594400;1.0630100;1.0576000;1.0604500
EURUSD;D;12/04/17;000000;1.0603800;1.0675100;1.0587000;1.0663700
EURUSD;D;13/04/17;000000;1.0662400;1.0677700;1.0607700;1.0613100
EURUSD;D;14/04/17;000000;1.0613000;1.0630000;1.0604000;1.0610700
EURUSD;D;15/04/17;000000;1.0610100;1.0611700;1.0610100;1.0611700
EURUSD;D;16/04/17;000000;1.0613000;1.0619000;1.0608400;1.0615600
EURUSD;D;17/04/17;000000;1.0615000;1.0670500;1.0600800;1.0642400
EURUSD;D;18/04/17;000000;1.0642400;1.0736000;1.0635000;1.0730400
EURUSD;D;19/04/17;000000;1.0730500;1.0736900;1.0698000;1.0710100
EURUSD;D;20/04/17;000000;1.0711000;1.0777600;1.0706000;1.0716800
EURUSD;D;21/04/17;000000;1.0716800;1.0738100;1.0680000;1.0724600
EURUSD;D;23/04/17;000000;1.0879500;1.0933400;1.0874600;1.0917500
EURUSD;D;24/04/17;000000;1.0918500;1.0918500;1.0818000;1.0867100
EURUSD;D;25/04/17;000000;1.0867000;1.0950000;1.0849000;1.0925100
EURUSD;D;26/04/17;000000;1.0924500;1.0950900;1.0855000;1.0903200
EURUSD;D;27/04/17;000000;1.0902900;1.0932900;1.0849000;1.0872200
EURUSD;D;28/04/17;000000;1.0871100;1.0947500;1.0855000;1.0892600
EURUSD;D;29/04/17;000000;1.0892000;1.0893200;1.0892000;1.0893200
EURUSD;D;30/04/17;000000;1.0898000;1.0917000;1.0893100;1.0910000
EURUSD;D;01/05/17;000000;1.0910100;1.0924100;1.0882900;1.0898100
EURUSD;D;02/05/17;000000;1.0898200;1.0933200;1.0886000;1.0928000
EURUSD;D;03/05/17;000000;1.0928300;1.0937000;1.0880000;1.0883600
EURUSD;D;04/05/17;000000;1.0883600;1.0987300;1.0873000;1.0984300
EURUSD;D;05/05/17;000000;1.0983600;1.1000000;1.0947100;1.0996000
EURUSD;D;06/05/17;000000;1.0996000;1.0996000;1.0994000;1.0995000
EURUSD;D;07/05/17;000000;1.0997000;1.1022200;1.0995000;1.1017000
EURUSD;D;08/05/17;000000;1.1019000;1.1023500;1.0915000;1.0923700
EURUSD;D;09/05/17;000000;1.0923200;1.0933500;1.0861000;1.0873000
EURUSD;D;10/05/17;000000;1.0871500;1.0898200;1.0851000;1.0866300
EURUSD;D;11/05/17;000000;1.0865400;1.0893100;1.0837000;1.0860700
EURUSD;D;12/05/17;000000;1.0858500;1.0934300;1.0854000;1.0928000
EURUSD;D;13/05/17;000000;1.0929000;1.0929600;1.0926000;1.0926000
EURUSD;D;14/05/17;000000;1.0921000;1.0930400;1.0920000;1.0929600
EURUSD;D;15/05/17;000000;1.0929200;1.0990000;1.0920000;1.0975200
EURUSD;D;16/05/17;000000;1.0974300;1.1097400;1.0971000;1.1082400
EURUSD;D;17/05/17;000000;1.1081300;1.1162200;1.1077500;1.1158500
EURUSD;D;18/05/17;000000;1.1157300;1.1174300;1.1074000;1.1103000
EURUSD;D;19/05/17;000000;1.1100900;1.1212200;1.1094000;1.1205600
EURUSD;D;20/05/17;000000;1.1202000;1.1206000;1.1202000;1.1204000
EURUSD;D;21/05/17;000000;1.1198000;1.1206500;1.1183000;1.1192200
EURUSD;D;22/05/17;000000;1.1194500;1.1263500;1.1159000;1.1236700
EURUSD;D;23/05/17;000000;1.1237000;1.1268300;1.1172000;1.1181700
EURUSD;D;24/05/17;000000;1.1180800;1.1220100;1.1166000;1.1217600
EURUSD;D;25/05/17;000000;1.1217900;1.1250400;1.1192700;1.1209800
EURUSD;D;26/05/17;000000;1.1209800;1.1234700;1.1159000;1.1181000
EURUSD;D;27/05/17;000000;1.1182000;1.1182000;1.1177000;1.1177000
EURUSD;D;28/05/17;000000;1.1180900;1.1180900;1.1165000;1.1169100
EURUSD;D;29/05/17;000000;1.1177100;1.1190000;1.1159000;1.1162100
EURUSD;D;30/05/17;000000;1.1164900;1.1205500;1.1107000;1.1186000
EURUSD;D;31/05/17;000000;1.1186000;1.1252300;1.1162000;1.1243100
EURUSD;D;01/06/17;000000;1.1243200;1.1256800;1.1200000;1.1212400
EURUSD;D;02/06/17;000000;1.1212100;1.1285100;1.1203000;1.1282500
EURUSD;D;03/06/17;000000;1.1282500;1.1282500;1.1279000;1.1279000
EURUSD;D;04/06/17;000000;1.1273000;1.1282000;1.1268000;1.1271000
EURUSD;D;05/06/17;000000;1.1271000;1.1283900;1.1233000;1.1254100
EURUSD;D;06/06/17;000000;1.1254000;1.1284300;1.1238000;1.1276200
EURUSD;D;07/06/17;000000;1.1274900;1.1282600;1.1202000;1.1255600
EURUSD;D;08/06/17;000000;1.1255600;1.1270000;1.1194000;1.1214000
EURUSD;D;09/06/17;000000;1.1211900;1.1237100;1.1164000;1.1194200
EURUSD;D;10/06/17;000000;1.1194200;1.1194200;1.1194000;1.1194000
EURUSD;D;11/06/17;000000;1.1198000;1.1213000;1.1191000;1.1207000
EURUSD;D;12/06/17;000000;1.1206700;1.1232200;1.1190200;1.1202200
EURUSD;D;13/06/17;000000;1.1200300;1.1225000;1.1183200;1.1210200
EURUSD;D;14/06/17;000000;1.1209400;1.1296000;1.1192000;1.1216400
EURUSD;D;15/06/17;000000;1.1216400;1.1228600;1.1130000;1.1143700
EURUSD;D;16/06/17;000000;1.1142700;1.1201800;1.1136400;1.1195300
EURUSD;D;17/06/17;000000;1.1195000;1.1196000;1.1182000;1.1183700
EURUSD;D;18/06/17;000000;1.1194200;1.1212000;1.1194200;1.1204000
EURUSD;D;19/06/17;000000;1.1205400;1.1212900;1.1142000;1.1147600
EURUSD;D;20/06/17;000000;1.1148500;1.1165000;1.1116800;1.1133600
EURUSD;D;21/06/17;000000;1.1132800;1.1169000;1.1125900;1.1167700
EURUSD;D;22/06/17;000000;1.1167700;1.1180000;1.1137600;1.1150700
EURUSD;D;23/06/17;000000;1.1151400;1.1210000;1.1143000;1.1193400
EURUSD;D;24/06/17;000000;1.1192000;1.1192000;1.1183000;1.1183000
EURUSD;D;25/06/17;000000;1.1199000;1.1200800;1.1192000;1.1196300
EURUSD;D;26/06/17;000000;1.1196200;1.1220000;1.1170000;1.1180100
EURUSD;D;27/06/17;000000;1.1181600;1.1349500;1.1177000;1.1338200
EURUSD;D;28/06/17;000000;1.1338200;1.1391000;1.1290800;1.1376500
EURUSD;D;29/06/17;000000;1.1376900;1.1445600;1.1372000;1.1440000
EURUSD;D;30/06/17;000000;1.1440000;1.1445400;1.1390200;1.1425000
EURUSD;D;01/07/17;000000;1.1425300;1.1432000;1.1423000;1.1427000
EURUSD;D;02/07/17;000000;1.1418000;1.1422800;1.1410300;1.1415000
EURUSD;D;03/07/17;000000;1.1418600;1.1426700;1.1353200;1.1363400
EURUSD;D;04/07/17;000000;1.1363100;1.1377100;1.1334400;1.1345000
EURUSD;D;05/07/17;000000;1.1344000;1.1370000;1.1311000;1.1350700
EURUSD;D;06/07/17;000000;1.1350700;1.1425000;1.1327900;1.1421700
EURUSD;D;07/07/17;000000;1.1421200;1.1440000;1.1378200;1.1399600
EURUSD;D;08/07/17;000000;1.1400000;1.1401000;1.1398000;1.1398000
EURUSD;D;09/07/17;000000;1.1390000;1.1399300;1.1388000;1.1395600
EURUSD;D;10/07/17;000000;1.1398800;1.1420000;1.1380000;1.1398600
EURUSD;D;11/07/17;000000;1.1398200;1.1479700;1.1380800;1.1467400
EURUSD;D;12/07/17;000000;1.1465400;1.1489600;1.1390800;1.1411000
EURUSD;D;13/07/17;000000;1.1411100;1.1455900;1.1369000;1.1396400
EURUSD;D;14/07/17;000000;1.1396900;1.1471900;1.1390000;1.1468600
EURUSD;D;15/07/17;000000;1.1467400;1.1472000;1.1461000;1.1461300
EURUSD;D;16/07/17;000000;1.1462000;1.1474000;1.1458900;1.1472300
EURUSD;D;17/07/17;000000;1.1473100;1.1490000;1.1433000;1.1477500
EURUSD;D;18/07/17;000000;1.1477200;1.1583400;1.1469400;1.1552600
EURUSD;D;19/07/17;000000;1.1553100;1.1556300;1.1509000;1.1513600
EURUSD;D;20/07/17;000000;1.1514600;1.1658200;1.1477600;1.1628800
EURUSD;D;21/07/17;000000;1.1628200;1.1683000;1.1617000;1.1660000
EURUSD;D;22/07/17;000000;1.1659000;1.1661000;1.1658000;1.1659000
EURUSD;D;23/07/17;000000;1.1658000;1.1668000;1.1657000;1.1664000
EURUSD;D;24/07/17;000000;1.1662000;1.1684300;1.1625000;1.1640300
EURUSD;D;25/07/17;000000;1.1640000;1.1712200;1.1629000;1.1646000
EURUSD;D;26/07/17;000000;1.1645600;1.1740100;1.1612000;1.1732000
EURUSD;D;27/07/17;000000;1.1732600;1.1776800;1.1648600;1.1674500
EURUSD;D;28/07/17;000000;1.1676000;1.1764200;1.1670000;1.1747800
EURUSD;D;29/07/17;000000;1.1751000;1.1751000;1.1751000;1.1751000
EURUSD;D;30/07/17;000000;1.1735000;1.1752000;1.1733000;1.1745600
EURUSD;D;31/07/17;000000;1.1750000;1.1845700;1.1721300;1.1841000
EURUSD;D;01/08/17;000000;1.1840800;1.1844700;1.1784300;1.1800900
EURUSD;D;02/08/17;000000;1.1800800;1.1910300;1.1792000;1.1855400
EURUSD;D;03/08/17;000000;1.1855000;1.1893100;1.1828600;1.1868900
EURUSD;D;04/08/17;000000;1.1867300;1.1890000;1.1727400;1.1770600
EURUSD;D;05/08/17;000000;1.1769000;1.1777000;1.1769000;1.1772000
EURUSD;D;06/08/17;000000;1.1766000;1.1779000;1.1764300;1.1771000
EURUSD;D;07/08/17;000000;1.1771800;1.1814300;1.1768700;1.1794300
EURUSD;D;08/08/17;000000;1.1794300;1.1824000;1.1714000;1.1750900
EURUSD;D;09/08/17;000000;1.1750900;1.1764000;1.1687800;1.1758600
EURUSD;D;10/08/17;000000;1.1758200;1.1785500;1.1702400;1.1771400
EURUSD;D;11/08/17;000000;1.1770300;1.1847200;1.1746900;1.1819800
EURUSD;D;12/08/17;000000;1.1819500;1.1826000;1.1819500;1.1824100
EURUSD;D;13/08/17;000000;1.1805000;1.1826800;1.1805000;1.1818700
EURUSD;D;14/08/17;000000;1.1822200;1.1840000;1.1769000;1.1777900
EURUSD;D;15/08/17;000000;1.1778500;1.1792800;1.1686000;1.1733500
EURUSD;D;16/08/17;000000;1.1732700;1.1778800;1.1680800;1.1766400
EURUSD;D;17/08/17;000000;1.1766000;1.1790000;1.1661500;1.1722600
EURUSD;D;18/08/17;000000;1.1721600;1.1774600;1.1707000;1.1758600
EURUSD;D;19/08/17;000000;1.1757000;1.1765000;1.1755900;1.1760000
EURUSD;D;20/08/17;000000;1.1758200;1.1764000;1.1753000;1.1755600
EURUSD;D;21/08/17;000000;1.1760500;1.1828200;1.1729400;1.1814500
EURUSD;D;22/08/17;000000;1.1813200;1.1824400;1.1743500;1.1760500
EURUSD;D;23/08/17;000000;1.1760700;1.1823200;1.1739200;1.1806000
EURUSD;D;24/08/17;000000;1.1805700;1.1817800;1.1782600;1.1798700
EURUSD;D;25/08/17;000000;1.1798600;1.1941500;1.1772000;1.1921900
EURUSD;D;26/08/17;000000;1.1928000;1.1928000;1.1918300;1.1924000
EURUSD;D;27/08/17;000000;1.1931000;1.1962000;1.1928500;1.1943600
EURUSD;D;28/08/17;000000;1.1943500;1.1983800;1.1915000;1.1978300
EURUSD;D;29/08/17;000000;1.1978600;1.2070400;1.1945000;1.1971000
EURUSD;D;30/08/17;000000;1.1971600;1.1984500;1.1879000;1.1882800
EURUSD;D;31/08/17;000000;1.1883600;1.1912800;1.1821000;1.1908900
EURUSD;D;01/09/17;000000;1.1909300;1.1979800;1.1848800;1.1858000
EURUSD;D;02/09/17;000000;1.1857000;1.1857000;1.1857000;1.1857000
EURUSD;D;03/09/17;000000;1.1857000;1.1887300;1.1851300;1.1880600
EURUSD;D;04/09/17;000000;1.1884300;1.1922100;1.1872300;1.1896500
EURUSD;D;05/09/17;000000;1.1894000;1.1940800;1.1867000;1.1913500
EURUSD;D;06/09/17;000000;1.1911200;1.1950400;1.1902000;1.1916600
EURUSD;D;07/09/17;000000;1.1915800;1.2059700;1.1913000;1.2020000
EURUSD;D;08/09/17;000000;1.2022800;1.2092400;1.2013000;1.2033400
EURUSD;D;09/09/17;000000;1.2035000;1.2035000;1.2035000;1.2035000
EURUSD;D;10/09/17;000000;1.2039000;1.2039000;1.2007000;1.2016000
EURUSD;D;11/09/17;000000;1.2016000;1.2030000;1.1946000;1.1952100
EURUSD;D;12/09/17;000000;1.1951900;1.1978200;1.1925000;1.1965500
EURUSD;D;13/09/17;000000;1.1966500;1.1994900;1.1871000;1.1884600
EURUSD;D;14/09/17;000000;1.1885200;1.1922500;1.1837000;1.1918500
EURUSD;D;15/09/17;000000;1.1918200;1.1987200;1.1900000;1.1942500
EURUSD;D;16/09/17;000000;1.1941900;1.1945400;1.1941700;1.1941800
EURUSD;D;17/09/17;000000;1.1944200;1.1947000;1.1917900;1.1919400
EURUSD;D;18/09/17;000000;1.1919300;1.1970000;1.1913000;1.1950500
EURUSD;D;19/09/17;000000;1.1953500;1.2006700;1.1948000;1.1994000
EURUSD;D;20/09/17;000000;1.1994400;1.2034100;1.1860000;1.1890600
EURUSD;D;21/09/17;000000;1.1892300;1.1953800;1.1864000;1.1940300
EURUSD;D;22/09/17;000000;1.1940300;1.2004600;1.1935000;1.1946900
EURUSD;D;23/09/17;000000;1.1945900;1.1951000;1.1945900;1.1951000
EURUSD;D;24/09/17;000000;1.1951000;1.1960000;1.1894700;1.1897600
EURUSD;D;25/09/17;000000;1.1897500;1.1936600;1.1831000;1.1848100
EURUSD;D;26/09/17;000000;1.1846400;1.1861600;1.1756000;1.1791500
EURUSD;D;27/09/17;000000;1.1791900;1.1795400;1.1716000;1.1744700
EURUSD;D;28/09/17;000000;1.1744400;1.1804100;1.1720000;1.1784900
EURUSD;D;29/09/17;000000;1.1784700;1.1832500;1.1770000;1.1812800
EURUSD;D;30/09/17;000000;1.1813000;1.1813000;1.1813000;1.1813000
EURUSD;D;01/10/17;000000;1.1813000;1.1816000;1.1775000;1.1790200
EURUSD;D;02/10/17;000000;1.1790100;1.1815100;1.1728000;1.1731300
EURUSD;D;03/10/17;000000;1.1731500;1.1773600;1.1695000;1.1742000
EURUSD;D;04/10/17;000000;1.1743300;1.1787800;1.1734000;1.1759000
EURUSD;D;05/10/17;000000;1.1757200;1.1780000;1.1698000;1.1710100
EURUSD;D;06/10/17;000000;1.1710700;1.1740000;1.1668000;1.1729900
EURUSD;D;07/10/17;000000;1.1727600;1.1729300;1.1725900;1.1725900
EURUSD;D;08/10/17;000000;1.1734000;1.1736200;1.1714000;1.1726600
EURUSD;D;09/10/17;000000;1.1733700;1.1756100;1.1718000;1.1739300
EURUSD;D;10/10/17;000000;1.1739700;1.1825500;1.1737000;1.1807000
EURUSD;D;11/10/17;000000;1.1807900;1.1869200;1.1794000;1.1858000
EURUSD;D;12/10/17;000000;1.1856700;1.1880000;1.1826000;1.1829300
EURUSD;D;13/10/17;000000;1.1829400;1.1875000;1.1804000;1.1819900
EURUSD;D;15/10/17;000000;1.1820000;1.1823000;1.1809000;1.1810000
EURUSD;D;16/10/17;000000;1.1810400;1.1820000;1.1779000;1.1795900
EURUSD;D;17/10/17;000000;1.1795500;1.1800200;1.1735000;1.1765500
EURUSD;D;18/10/17;000000;1.1765800;1.1805400;1.1729000;1.1787000
EURUSD;D;19/10/17;000000;1.1786800;1.1860000;1.1767000;1.1851000
EURUSD;D;20/10/17;000000;1.1852200;1.1858000;1.1761000;1.1783000
EURUSD;D;21/10/17;000000;1.1783000;1.1783000;1.1783000;1.1783000
EURUSD;D;22/10/17;000000;1.1771000;1.1778000;1.1757000;1.1763100
EURUSD;D;23/10/17;000000;1.1763000;1.1780000;1.1724000;1.1749400
EURUSD;D;24/10/17;000000;1.1749300;1.1793000;1.1741000;1.1761700
EURUSD;D;25/10/17;000000;1.1760900;1.1817900;1.1751000;1.1812000
EURUSD;D;26/10/17;000000;1.1812100;1.1836900;1.1639000;1.1650000
EURUSD;D;27/10/17;000000;1.1648600;1.1657300;1.1572000;1.1608200
EURUSD;D;28/10/17;000000;1.1606000;1.1606000;1.1606000;1.1606000
EURUSD;D;29/10/17;000000;1.1600000;1.1615000;1.1598000;1.1605700
EURUSD;D;30/10/17;000000;1.1605600;1.1658000;1.1592000;1.1649000
EURUSD;D;31/10/17;000000;1.1650300;1.1661500;1.1623000;1.1645800
EURUSD;D;01/11/17;000000;1.1645400;1.1657400;1.1605000;1.1618100
EURUSD;D;02/11/17;000000;1.1617400;1.1687300;1.1612000;1.1657900
EURUSD;D;03/11/17;000000;1.1657900;1.1691500;1.1597000;1.1606000
EURUSD;D;04/11/17;000000;1.1606000;1.1606000;1.1605000;1.1605000
EURUSD;D;05/11/17;000000;1.1607000;1.1619000;1.1605600;1.1611000
EURUSD;D;06/11/17;000000;1.1615100;1.1624100;1.1579000;1.1609200
EURUSD;D;07/11/17;000000;1.1608400;1.1615500;1.1553000;1.1590200
EURUSD;D;08/11/17;000000;1.1590300;1.1611200;1.1578000;1.1598000
EURUSD;D;09/11/17;000000;1.1598300;1.1654900;1.1584000;1.1641900
EURUSD;D;10/11/17;000000;1.1642400;1.1680000;1.1621000;1.1665000
EURUSD;D;11/11/17;000000;1.1665000;1.1668800;1.1660500;1.1663000
EURUSD;D;12/11/17;000000;1.1665000;1.1668000;1.1650100;1.1652000
EURUSD;D;13/11/17;000000;1.1650900;1.1675300;1.1636000;1.1668300
EURUSD;D;14/11/17;000000;1.1668200;1.1805100;1.1660000;1.1792900
EURUSD;D;15/11/17;000000;1.1793000;1.1860700;1.1783000;1.1791900
EURUSD;D;16/11/17;000000;1.1792300;1.1801000;1.1756000;1.1770100
EURUSD;D;17/11/17;000000;1.1770100;1.1821800;1.1764000;1.1794600
EURUSD;D;18/11/17;000000;1.1794500;1.1794800;1.1785000;1.1787500
EURUSD;D;19/11/17;000000;1.1787000;1.1790800;1.1774000;1.1784000
EURUSD;D;20/11/17;000000;1.1785000;1.1810000;1.1721000;1.1729000
EURUSD;D;21/11/17;000000;1.1728900;1.1757800;1.1712000;1.1738200
EURUSD;D;22/11/17;000000;1.1738700;1.1827000;1.1730700;1.1819600
EURUSD;D;23/11/17;000000;1.1819300;1.1856000;1.1812000;1.1850700
EURUSD;D;24/11/17;000000;1.1850600;1.1944400;1.1835000;1.1930600
EURUSD;D;25/11/17;000000;1.1930500;1.1938800;1.1925800;1.1931000
EURUSD;D;26/11/17;000000;1.1931000;1.1941000;1.1918000;1.1938800
EURUSD;D;27/11/17;000000;1.1941000;1.1961200;1.1894000;1.1899400
EURUSD;D;28/11/17;000000;1.1899400;1.1920000;1.1826000;1.1841200
EURUSD;D;29/11/17;000000;1.1841300;1.1882900;1.1816000;1.1850900
EURUSD;D;30/11/17;000000;1.1851300;1.1931600;1.1808000;1.1901900
EURUSD;D;01/12/17;000000;1.1902100;1.1940300;1.1849000;1.1891000
EURUSD;D;02/12/17;000000;1.1890800;1.1900200;1.1889600;1.1897100
EURUSD;D;03/12/17;000000;1.1885000;1.1885000;1.1848000;1.1854200
EURUSD;D;04/12/17;000000;1.1854100;1.1880000;1.1828000;1.1856000
EURUSD;D;05/12/17;000000;1.1856000;1.1876800;1.1799000;1.1823000
EURUSD;D;06/12/17;000000;1.1823700;1.1848100;1.1779000;1.1795300
EURUSD;D;07/12/17;000000;1.1795600;1.1814700;1.1771000;1.1774500
EURUSD;D;08/12/17;000000;1.1774400;1.1776600;1.1729000;1.1764500
EURUSD;D;09/12/17;000000;1.1764600;1.1774200;1.1762800;1.1768600
EURUSD;D;10/12/17;000000;1.1766000;1.1769000;1.1758900;1.1760000
EURUSD;D;11/12/17;000000;1.1761600;1.1811800;1.1758600;1.1772800
EURUSD;D;12/12/17;000000;1.1772700;1.1792700;1.1716000;1.1744700
EURUSD;D;13/12/17;000000;1.1744900;1.1826000;1.1728000;1.1824800
EURUSD;D;14/12/17;000000;1.1824600;1.1862700;1.1769000;1.1786800
EURUSD;D;15/12/17;000000;1.1787100;1.1812400;1.1749000;1.1753900
EURUSD;D;16/12/17;000000;1.1753900;1.1756100;1.1745500;1.1749000
EURUSD;D;17/12/17;000000;1.1749000;1.1752300;1.1735000;1.1739400
EURUSD;D;18/12/17;000000;1.1743300;1.1834300;1.1736000;1.1780700
EURUSD;D;19/12/17;000000;1.1781100;1.1849000;1.1775000;1.1840400
EURUSD;D;20/12/17;000000;1.1840500;1.1901800;1.1827000;1.1878300
EURUSD;D;21/12/17;000000;1.1878100;1.1890000;1.1848000;1.1876500
EURUSD;D;22/12/17;000000;1.1876700;1.1878200;1.1815600;1.1858000
EURUSD;D;23/12/17;000000;1.1857500;1.1864000;1.1854000;1.1860000
EURUSD;D;24/12/17;000000;1.1862000;1.1862000;1.1858000;1.1858000
EURUSD;D;25/12/17;000000;1.1858000;1.1881000;1.1842300;1.1869000
EURUSD;D;26/12/17;000000;1.1867000;1.1878700;1.1845000;1.1862700
EURUSD;D;27/12/17;000000;1.1862700;1.1910400;1.1853300;1.1894400
EURUSD;D;28/12/17;000000;1.1894300;1.1959100;1.1883000;1.1940400
EURUSD;D;29/12/17;000000;1.1940200;1.2025500;1.1934800;1.1997300
EURUSD;D;30/12/17;000000;1.1997500;1.2007600;1.1991400;1.1994000
EURUSD;D;01/01/18;000000;1.1996600;1.2010900;1.1991200;1.1995000
EURUSD;D;02/01/18;000000;1.1995000;1.2081300;1.1995000;1.2059000
EURUSD;D;03/01/18;000000;1.2059300;1.2066300;1.2000000;1.2012500
EURUSD;D;04/01/18;000000;1.2012300;1.2090000;1.2002800;1.2068600
EURUSD;D;05/01/18;000000;1.2068400;1.2082800;1.2019000;1.2041800
EURUSD;D;06/01/18;000000;1.2041800;1.2042500;1.2022000;1.2026000
EURUSD;D;07/01/18;000000;1.2029100;1.2034000;1.2014000;1.2024600
EURUSD;D;08/01/18;000000;1.2024500;1.2052300;1.1954000;1.1967000
EURUSD;D;09/01/18;000000;1.1966800;1.1975700;1.1914000;1.1937600
EURUSD;D;10/01/18;000000;1.1936000;1.2018100;1.1922000;1.1956700
EURUSD;D;11/01/18;000000;1.1956600;1.2060000;1.1928000;1.2030600
EURUSD;D;12/01/18;000000;1.2030500;1.2188700;1.2027000;1.2187000
EURUSD;D;13/01/18;000000;1.2186900;1.2218800;1.2186000;1.2199100
EURUSD;D;14/01/18;000000;1.2197800;1.2206000;1.2187200;1.2195200
EURUSD;D;15/01/18;000000;1.2195100;1.2296700;1.2186000;1.2269400
EURUSD;D;16/01/18;000000;1.2269100;1.2283500;1.2194000;1.2266400
EURUSD;D;17/01/18;000000;1.2265000;1.2323200;1.2195000;1.2212800
EURUSD;D;18/01/18;000000;1.2212800;1.2264900;1.2163800;1.2238600
EURUSD;D;19/01/18;000000;1.2238600;1.2295400;1.2217000;1.2220700
EURUSD;D;20/01/18;000000;1.2220700;1.2233800;1.2213000;1.2219500
EURUSD;D;21/01/18;000000;1.2261000;1.2273000;1.2259000;1.2269100
EURUSD;D;22/01/18;000000;1.2269000;1.2274000;1.2213000;1.2258400
EURUSD;D;23/01/18;000000;1.2258300;1.2306300;1.2221900;1.2293700
EURUSD;D;24/01/18;000000;1.2293600;1.2414900;1.2289800;1.2398100
EURUSD;D;25/01/18;000000;1.2398900;1.2537800;1.2363000;1.2406000
EURUSD;D;26/01/18;000000;1.2406200;1.2493700;1.2368200;1.2419900
EURUSD;D;27/01/18;000000;1.2419800;1.2432500;1.2416000;1.2422400
EURUSD;D;28/01/18;000000;1.2427000;1.2434000;1.2419900;1.2423000
EURUSD;D;29/01/18;000000;1.2423000;1.2432300;1.2335000;1.2382600
EURUSD;D;30/01/18;000000;1.2382100;1.2454000;1.2334000;1.2394000
EURUSD;D;31/01/18;000000;1.2394200;1.2474900;1.2386000;1.2415100
EURUSD;D;01/02/18;000000;1.2415100;1.2522900;1.2384000;1.2514000
EURUSD;D;02/02/18;000000;1.2513800;1.2520000;1.2408000;1.2461500
EURUSD;D;03/02/18;000000;1.2461400;1.2462700;1.2450400;1.2457000
EURUSD;D;04/02/18;000000;1.2452500;1.2459000;1.2430000;1.2432600
EURUSD;D;05/02/18;000000;1.2432500;1.2474900;1.2386000;1.2387800
EURUSD;D;06/02/18;000000;1.2388000;1.2434600;1.2312000;1.2371500
EURUSD;D;07/02/18;000000;1.2371800;1.2406100;1.2244000;1.2260400
EURUSD;D;08/02/18;000000;1.2260700;1.2295000;1.2210000;1.2243300
EURUSD;D;09/02/18;000000;1.2243100;1.2287300;1.2204000;1.2234800
EURUSD;D;10/02/18;000000;1.2235000;1.2255100;1.2231000;1.2251500
EURUSD;D;11/02/18;000000;1.2252000;1.2254400;1.2241700;1.2245000
EURUSD;D;12/02/18;000000;1.2244000;1.2297700;1.2233000;1.2290700
EURUSD;D;13/02/18;000000;1.2290900;1.2371100;1.2283000;1.2356100
EURUSD;D;14/02/18;000000;1.2356200;1.2464600;1.2275000;1.2463400
EURUSD;D;15/02/18;000000;1.2463600;1.2510400;1.2446000;1.2504300
EURUSD;D;16/02/18;000000;1.2504800;1.2555600;1.2392000;1.2405600
EURUSD;D;17/02/18;000000;1.2405300;1.2412800;1.2401900;1.2411000
EURUSD;D;18/02/18;000000;1.2404000;1.2410500;1.2394000;1.2398000
EURUSD;D;19/02/18;000000;1.2398000;1.2435200;1.2367000;1.2405300
EURUSD;D;20/02/18;000000;1.2406000;1.2412300;1.2318900;1.2335600
EURUSD;D;21/02/18;000000;1.2335700;1.2359900;1.2279800;1.2290100
EURUSD;D;22/02/18;000000;1.2290100;1.2352100;1.2257900;1.2325000
EURUSD;D;23/02/18;000000;1.2324600;1.2337400;1.2278000;1.2294400
EURUSD;D;24/02/18;000000;1.2294100;1.2298500;1.2287700;1.2294000
EURUSD;D;25/02/18;000000;1.2295100;1.2298000;1.2280800;1.2289300
EURUSD;D;26/02/18;000000;1.2289200;1.2355200;1.2276000;1.2313000
EURUSD;D;27/02/18;000000;1.2312900;1.2346400;1.2220000;1.2229000
EURUSD;D;28/02/18;000000;1.2229000;1.2241800;1.2186000;1.2199600
EURUSD;D;01/03/18;000000;1.2200000;1.2273100;1.2153000;1.2262600
EURUSD;D;02/03/18;000000;1.2262500;1.2335900;1.2250000;1.2330900
EURUSD;D;03/03/18;000000;1.2330900;1.2331300;1.2314000;1.2317000
EURUSD;D;04/03/18;000000;1.2322000;1.2356000;1.2317700;1.2355600
EURUSD;D;05/03/18;000000;1.2355700;1.2364400;1.2267000;1.2338100
EURUSD;D;06/03/18;000000;1.2338200;1.2420300;1.2327000;1.2402700
EURUSD;D;07/03/18;000000;1.2402700;1.2444900;1.2383000;1.2412700
EURUSD;D;08/03/18;000000;1.2412600;1.2446200;1.2297000;1.2312500
EURUSD;D;09/03/18;000000;1.2312600;1.2334300;1.2272000;1.2306500
EURUSD;D;10/03/18;000000;1.2306400;1.2309300;1.2302000;1.2305000
EURUSD;D;11/03/18;000000;1.2307600;1.2315200;1.2307600;1.2310500
EURUSD;D;12/03/18;000000;1.2313000;1.2345600;1.2289000;1.2333500
EURUSD;D;13/03/18;000000;1.2332800;1.2410000;1.2313000;1.2389200
EURUSD;D;14/03/18;000000;1.2389200;1.2412700;1.2346000;1.2367000
EURUSD;D;15/03/18;000000;1.2366100;1.2383600;1.2299000;1.2304200
EURUSD;D;16/03/18;000000;1.2304300;1.2336400;1.2259600;1.2287100
EURUSD;D;17/03/18;000000;1.2289000;1.2289000;1.2284000;1.2285000
EURUSD;D;18/03/18;000000;1.2282800;1.2300000;1.2281800;1.2282700
EURUSD;D;19/03/18;000000;1.2288900;1.2358800;1.2257000;1.2334800
EURUSD;D;20/03/18;000000;1.2334300;1.2354700;1.2237000;1.2240800
EURUSD;D;21/03/18;000000;1.2240900;1.2350000;1.2238900;1.2337600
EURUSD;D;22/03/18;000000;1.2337400;1.2390000;1.2284000;1.2301600
EURUSD;D;23/03/18;000000;1.2301000;1.2373400;1.2296900;1.2350200
EURUSD;D;24/03/18;000000;1.2351000;1.2352400;1.2350400;1.2352400
EURUSD;D;25/03/18;000000;1.2347500;1.2353000;1.2340900;1.2348000
EURUSD;D;26/03/18;000000;1.2352700;1.2461600;1.2348500;1.2442200
EURUSD;D;27/03/18;000000;1.2443400;1.2476500;1.2371000;1.2402400
EURUSD;D;28/03/18;000000;1.2402200;1.2421600;1.2298000;1.2306200
EURUSD;D;29/03/18;000000;1.2307000;1.2335600;1.2282000;1.2300600
EURUSD;D;30/03/18;000000;1.2300200;1.2330600;1.2287300;1.2319000
EURUSD;D;31/03/18;000000;1.2323000;1.2323000;1.2323000;1.2323000
EURUSD;D;01/04/18;000000;1.2321000;1.2330000;1.2319500;1.2320200
EURUSD;D;02/04/18;000000;1.2325400;1.2345000;1.2280000;1.2301000
EURUSD;D;03/04/18;000000;1.2301500;1.2336400;1.2252000;1.2269800
EURUSD;D;04/04/18;000000;1.2269000;1.2314900;1.2255000;1.2277600
EURUSD;D;05/04/18;000000;1.2277700;1.2290300;1.2217000;1.2239000
EURUSD;D;06/04/18;000000;1.2239000;1.2291000;1.2214000;1.2278800
EURUSD;D;07/04/18;000000;1.2281000;1.2282500;1.2278700;1.2282500
EURUSD;D;08/04/18;000000;1.2278000;1.2287100;1.2274800;1.2285000
EURUSD;D;09/04/18;000000;1.2283800;1.2330800;1.2259000;1.2320300
EURUSD;D;10/04/18;000000;1.2319400;1.2377600;1.2301000;1.2355200
EURUSD;D;11/04/18;000000;1.2354400;1.2396400;1.2346000;1.2366600
EURUSD;D;12/04/18;000000;1.2365600;1.2379800;1.2298000;1.2325000
EURUSD;D;13/04/18;000000;1.2325100;1.2346000;1.2306000;1.2328200
EURUSD;D;14/04/18;000000;1.2328300;1.2328300;1.2328300;1.2328300
EURUSD;D;15/04/18;000000;1.2327300;1.2337000;1.2326000;1.2331300
EURUSD;D;16/04/18;000000;1.2329300;1.2394600;1.2321300;1.2378900
EURUSD;D;17/04/18;000000;1.2378300;1.2413700;1.2335000;1.2368700
EURUSD;D;18/04/18;000000;1.2368700;1.2397200;1.2341000;1.2373500
EURUSD;D;19/04/18;000000;1.2372900;1.2400300;1.2328000;1.2344700
EURUSD;D;20/04/18;000000;1.2345300;1.2353000;1.2249000;1.2287000
EURUSD;D;21/04/18;000000;1.2285300;1.2286400;1.2285000;1.2286400
EURUSD;D;22/04/18;000000;1.2286300;1.2286500;1.2263000;1.2271100
EURUSD;D;23/04/18;000000;1.2271600;1.2290000;1.2196000;1.2208300
EURUSD;D;24/04/18;000000;1.2208300;1.2244900;1.2180000;1.2231900
EURUSD;D;25/04/18;000000;1.2231100;1.2238800;1.2158000;1.2160000
EURUSD;D;26/04/18;000000;1.2159800;1.2210000;1.2093000;1.2103200
EURUSD;D;27/04/18;000000;1.2102900;1.2133000;1.2053000;1.2128900
EURUSD;D;28/04/18;000000;1.2128000;1.2128100;1.2125000;1.2125000
EURUSD;D;29/04/18;000000;1.2124700;1.2130400;1.2119000;1.2121800
EURUSD;D;30/04/18;000000;1.2128300;1.2140000;1.2062000;1.2077200
EURUSD;D;01/05/18;000000;1.2076800;1.2084200;1.1979000;1.1991500
EURUSD;D;02/05/18;000000;1.1992400;1.2031700;1.1936000;1.1950300
EURUSD;D;03/05/18;000000;1.1949900;1.2010000;1.1946000;1.1988000
EURUSD;D;04/05/18;000000;1.1987400;1.1995600;1.1909000;1.1958500
EURUSD;D;06/05/18;000000;1.1951800;1.1966000;1.1945500;1.1956000
EURUSD;D;07/05/18;000000;1.1963000;1.1978000;1.1896000;1.1922000
EURUSD;D;08/05/18;000000;1.1921500;1.1938800;1.1837000;1.1863900
EURUSD;D;09/05/18;000000;1.1863900;1.1897000;1.1821000;1.1849800
EURUSD;D;10/05/18;000000;1.1850100;1.1946700;1.1841900;1.1914900
EURUSD;D;11/05/18;000000;1.1914900;1.1970000;1.1890000;1.1938900
EURUSD;D;12/05/18;000000;1.1942000;1.1942000;1.1941500;1.1941500
EURUSD;D;13/05/18;000000;1.1943900;1.1950000;1.1936800;1.1940000
EURUSD;D;14/05/18;000000;1.1937000;1.1996100;1.1924000;1.1926100
EURUSD;D;15/05/18;000000;1.1926000;1.1940000;1.1819000;1.1837100
EURUSD;D;16/05/18;000000;1.1837200;1.1854200;1.1762000;1.1806800
EURUSD;D;17/05/18;000000;1.1806300;1.1837400;1.1775000;1.1793100
EURUSD;D;18/05/18;000000;1.1793100;1.1822100;1.1749000;1.1772000
EURUSD;D;19/05/18;000000;1.1768400;1.1769900;1.1767900;1.1769900
EURUSD;D;20/05/18;000000;1.1760000;1.1779000;1.1760000;1.1770500
EURUSD;D;21/05/18;000000;1.1767900;1.1795600;1.1715000;1.1790800
EURUSD;D;22/05/18;000000;1.1791100;1.1830000;1.1755000;1.1778300
EURUSD;D;23/05/18;000000;1.1777600;1.1789700;1.1674000;1.1694800
EURUSD;D;24/05/18;000000;1.1694900;1.1750300;1.1689000;1.1719200
EURUSD;D;25/05/18;000000;1.1719300;1.1733600;1.1644000;1.1645000
EURUSD;D;26/05/18;000000;1.1649000;1.1650000;1.1649000;1.1650000
EURUSD;D;27/05/18;000000;1.1654200;1.1688000;1.1647800;1.1684500
EURUSD;D;28/05/18;000000;1.1686000;1.1730000;1.1605000;1.1623700
EURUSD;D;29/05/18;000000;1.1623400;1.1640000;1.1509000;1.1538700
EURUSD;D;30/05/18;000000;1.1539200;1.1676300;1.1517000;1.1663500
EURUSD;D;31/05/18;000000;1.1661200;1.1724300;1.1640000;1.1690100
EURUSD;D;01/06/18;000000;1.1690100;1.1718000;1.1616100;1.1657100
EURUSD;D;02/06/18;000000;1.1658000;1.1658800;1.1658000;1.1658800
EURUSD;D;03/06/18;000000;1.1654000;1.1661600;1.1651000;1.1659000
EURUSD;D;04/06/18;000000;1.1658900;1.1744500;1.1655400;1.1697700
EURUSD;D;05/06/18;000000;1.1697000;1.1732100;1.1651000;1.1716800
EURUSD;D;06/06/18;000000;1.1716200;1.1795700;1.1709000;1.1773500
EURUSD;D;07/06/18;000000;1.1773200;1.1840000;1.1771000;1.1797700
EURUSD;D;08/06/18;000000;1.1798100;1.1810300;1.1725000;1.1769000
EURUSD;D;09/06/18;000000;1.1767000;1.1767700;1.1767000;1.1767700
EURUSD;D;10/06/18;000000;1.1764000;1.1777300;1.1751900;1.1774000
EURUSD;D;11/06/18;000000;1.1772300;1.1820600;1.1770000;1.1782100
EURUSD;D;12/06/18;000000;1.1782000;1.1810000;1.1732000;1.1744200
EURUSD;D;13/06/18;000000;1.1744500;1.1801000;1.1724800;1.1790800
EURUSD;D;14/06/18;000000;1.1790800;1.1851800;1.1562000;1.1566500
EURUSD;D;15/06/18;000000;1.1565600;1.1627000;1.1542000;1.1609000
EURUSD;D;16/06/18;000000;1.1609000;1.1609000;1.1609000;1.1609000
EURUSD;D;17/06/18;000000;1.1606000;1.1610000;1.1583000;1.1586000
EURUSD;D;18/06/18;000000;1.1587500;1.1624400;1.1564000;1.1622200
EURUSD;D;19/06/18;000000;1.1622200;1.1644500;1.1529800;1.1586900
EURUSD;D;20/06/18;000000;1.1586900;1.1600000;1.1536000;1.1570200
EURUSD;D;21/06/18;000000;1.1570300;1.1633500;1.1507000;1.1602600
EURUSD;D;22/06/18;000000;1.1603200;1.1675000;1.1598000;1.1654000
EURUSD;D;23/06/18;000000;1.1653600;1.1653600;1.1653600;1.1653600
EURUSD;D;24/06/18;000000;1.1656500;1.1669000;1.1654000;1.1664000
EURUSD;D;25/06/18;000000;1.1664000;1.1713100;1.1627000;1.1703000
EURUSD;D;26/06/18;000000;1.1702700;1.1720500;1.1634000;1.1646300
EURUSD;D;27/06/18;000000;1.1646100;1.1672200;1.1539000;1.1553000
EURUSD;D;28/06/18;000000;1.1553600;1.1600600;1.1526000;1.1568400
EURUSD;D;29/06/18;000000;1.1567100;1.1690400;1.1557000;1.1688000
EURUSD;D;30/06/18;000000;1.1684000;1.1684000;1.1682100;1.1683900
EURUSD;D;01/07/18;000000;1.1650800;1.1690600;1.1629000;1.1675700
EURUSD;D;02/07/18;000000;1.1675000;1.1691800;1.1590000;1.1638700
EURUSD;D;03/07/18;000000;1.1638900;1.1673200;1.1619000;1.1656800
EURUSD;D;04/07/18;000000;1.1654900;1.1681900;1.1628000;1.1655400
EURUSD;D;05/07/18;000000;1.1655500;1.1720300;1.1648000;1.1689000
EURUSD;D;06/07/18;000000;1.1689500;1.1767800;1.1679000;1.1742000
EURUSD;D;07/07/18;000000;1.1745000;1.1746200;1.1744000;1.1746200
EURUSD;D;08/07/18;000000;1.1743000;1.1754000;1.1735000;1.1741000
EURUSD;D;09/07/18;000000;1.1740400;1.1790800;1.1731000;1.1750200
EURUSD;D;10/07/18;000000;1.1749600;1.1762700;1.1689000;1.1744200
EURUSD;D;11/07/18;000000;1.1743600;1.1760000;1.1664000;1.1672100
EURUSD;D;12/07/18;000000;1.1672700;1.1695800;1.1648000;1.1669900
EURUSD;D;13/07/18;000000;1.1670000;1.1686800;1.1611000;1.1684300
EURUSD;D;15/07/18;000000;1.1682000;1.1692000;1.1682000;1.1688000
EURUSD;D;16/07/18;000000;1.1689300;1.1725400;1.1674000;1.1710700
EURUSD;D;17/07/18;000000;1.1710800;1.1744700;1.1649000;1.1660700
EURUSD;D;18/07/18;000000;1.1659800;1.1665000;1.1600000;1.1638400
EURUSD;D;19/07/18;000000;1.1637800;1.1678500;1.1574000;1.1640500
EURUSD;D;20/07/18;000000;1.1641700;1.1738900;1.1625000;1.1721000
EURUSD;D;21/07/18;000000;1.1722000;1.1722000;1.1718000;1.1718000
EURUSD;D;22/07/18;000000;1.1722000;1.1734000;1.1719700;1.1725500
EURUSD;D;23/07/18;000000;1.1724800;1.1751200;1.1682000;1.1691500
EURUSD;D;24/07/18;000000;1.1691300;1.1716900;1.1653000;1.1685700
EURUSD;D;25/07/18;000000;1.1682400;1.1738700;1.1663000;1.1728000
EURUSD;D;26/07/18;000000;1.1727800;1.1743600;1.1639000;1.1642400
EURUSD;D;27/07/18;000000;1.1642600;1.1664400;1.1619000;1.1654500
EURUSD;D;28/07/18;000000;1.1661500;1.1661500;1.1659000;1.1659000
EURUSD;D;29/07/18;000000;1.1655600;1.1662000;1.1650000;1.1657000
EURUSD;D;30/07/18;000000;1.1656100;1.1720000;1.1646000;1.1703800
EURUSD;D;31/07/18;000000;1.1703800;1.1745900;1.1682200;1.1690000
EURUSD;D;01/08/18;000000;1.1689700;1.1699700;1.1656000;1.1659500
EURUSD;D;02/08/18;000000;1.1658900;1.1667600;1.1580800;1.1583300
EURUSD;D;03/08/18;000000;1.1583400;1.1610700;1.1559000;1.1565200
EURUSD;D;04/08/18;000000;1.1566000;1.1566000;1.1565000;1.1565000
EURUSD;D;05/08/18;000000;1.1565500;1.1572200;1.1564000;1.1568400
EURUSD;D;06/08/18;000000;1.1567000;1.1571100;1.1528000;1.1553300
EURUSD;D;07/08/18;000000;1.1553000;1.1608200;1.1545000;1.1598000
EURUSD;D;08/08/18;000000;1.1598400;1.1628200;1.1571000;1.1609800
EURUSD;D;09/08/18;000000;1.1609800;1.1619500;1.1525000;1.1526200
EURUSD;D;10/08/18;000000;1.1526700;1.1536600;1.1386000;1.1410000
EURUSD;D;11/08/18;000000;1.1411500;1.1411500;1.1411500;1.1411500
EURUSD;D;12/08/18;000000;1.1386000;1.1390500;1.1367000;1.1372000
EURUSD;D;13/08/18;000000;1.1370000;1.1432900;1.1364000;1.1409000
EURUSD;D;14/08/18;000000;1.1409800;1.1429400;1.1329000;1.1343900
EURUSD;D;15/08/18;000000;1.1343300;1.1354900;1.1300000;1.1344000
EURUSD;D;16/08/18;000000;1.1344100;1.1409200;1.1334000;1.1375100
EURUSD;D;17/08/18;000000;1.1376600;1.1444900;1.1364000;1.1437300
EURUSD;D;18/08/18;000000;1.1437000;1.1437300;1.1435300;1.1437000
EURUSD;D;19/08/18;000000;1.1436400;1.1439900;1.1432000;1.1437000
EURUSD;D;20/08/18;000000;1.1437200;1.1484900;1.1393000;1.1484400
EURUSD;D;21/08/18;000000;1.1486900;1.1601200;1.1484000;1.1570500
EURUSD;D;22/08/18;000000;1.1569800;1.1622900;1.1552000;1.1595700
EURUSD;D;23/08/18;000000;1.1596500;1.1599600;1.1528000;1.1537500
EURUSD;D;24/08/18;000000;1.1537700;1.1639900;1.1533000;1.1618900
EURUSD;D;25/08/18;000000;1.1621000;1.1621200;1.1621000;1.1621000
EURUSD;D;26/08/18;000000;1.1630000;1.1630000;1.1610000;1.1616200
EURUSD;D;27/08/18;000000;1.1615100;1.1693700;1.1593000;1.1677300
EURUSD;D;28/08/18;000000;1.1676900;1.1733500;1.1661000;1.1694400
EURUSD;D;29/08/18;000000;1.1693700;1.1710000;1.1651000;1.1706700
EURUSD;D;30/08/18;000000;1.1706100;1.1718200;1.1639000;1.1670800
EURUSD;D;31/08/18;000000;1.1670800;1.1690100;1.1583000;1.1599700
EURUSD;D;01/09/18;000000;1.1601800;1.1601800;1.1599000;1.1599000
EURUSD;D;02/09/18;000000;1.1595300;1.1607600;1.1587300;1.1595000
EURUSD;D;03/09/18;000000;1.1594900;1.1627900;1.1588000;1.1617500
EURUSD;D;04/09/18;000000;1.1616900;1.1624000;1.1529000;1.1580500
EURUSD;D;05/09/18;000000;1.1580000;1.1640300;1.1542000;1.1628900
EURUSD;D;06/09/18;000000;1.1628900;1.1659300;1.1604000;1.1620500
EURUSD;D;07/09/18;000000;1.1622800;1.1649500;1.1549000;1.1552000
EURUSD;D;08/09/18;000000;1.1552000;1.1552100;1.1550500;1.1552100
EURUSD;D;09/09/18;000000;1.1549000;1.1555100;1.1547000;1.1548000
EURUSD;D;10/09/18;000000;1.1548000;1.1616100;1.1525000;1.1591400
EURUSD;D;11/09/18;000000;1.1591400;1.1644200;1.1564000;1.1604200
EURUSD;D;12/09/18;000000;1.1604200;1.1649700;1.1568000;1.1625100
EURUSD;D;13/09/18;000000;1.1625300;1.1701000;1.1607000;1.1689700
EURUSD;D;14/09/18;000000;1.1689400;1.1721600;1.1618600;1.1622700
EURUSD;D;15/09/18;000000;1.1622000;1.1624600;1.1622000;1.1624600
EURUSD;D;16/09/18;000000;1.1620000;1.1630000;1.1616000;1.1623000
EURUSD;D;17/09/18;000000;1.1623000;1.1698200;1.1617000;1.1682300
EURUSD;D;18/09/18;000000;1.1682300;1.1724500;1.1651000;1.1664000
EURUSD;D;19/09/18;000000;1.1663800;1.1714900;1.1649000;1.1671800
EURUSD;D;20/09/18;000000;1.1671900;1.1784500;1.1667000;1.1775000
EURUSD;D;21/09/18;000000;1.1776300;1.1802700;1.1731000;1.1748200
EURUSD;D;22/09/18;000000;1.1749000;1.1749000;1.1746100;1.1747400
EURUSD;D;23/09/18;000000;1.1749000;1.1751800;1.1737000;1.1744000
EURUSD;D;24/09/18;000000;1.1744600;1.1815300;1.1722000;1.1747200
EURUSD;D;25/09/18;000000;1.1747400;1.1792600;1.1730000;1.1765700
EURUSD;D;26/09/18;000000;1.1765300;1.1797800;1.1725000;1.1738000
EURUSD;D;27/09/18;000000;1.1738100;1.1757100;1.1637000;1.1639800
EURUSD;D;28/09/18;000000;1.1640600;1.1651200;1.1569000;1.1601700
EURUSD;D;29/09/18;000000;1.1600000;1.1600000;1.1600000;1.1600000
EURUSD;D;30/09/18;000000;1.1606600;1.1626800;1.1601000;1.1616200
EURUSD;D;01/10/18;000000;1.1615900;1.1624600;1.1562000;1.1577600
EURUSD;D;02/10/18;000000;1.1577500;1.1580200;1.1504000;1.1546800
EURUSD;D;03/10/18;000000;1.1546800;1.1593700;1.1463000;1.1476000
EURUSD;D;04/10/18;000000;1.1476000;1.1542800;1.1462000;1.1513800
EURUSD;D;05/10/18;000000;1.1513700;1.1549700;1.1483000;1.1518100
EURUSD;D;06/10/18;000000;1.1521000;1.1523000;1.1521000;1.1522900
EURUSD;D;07/10/18;000000;1.1516000;1.1532800;1.1516000;1.1520900
EURUSD;D;08/10/18;000000;1.1520200;1.1529600;1.1458000;1.1490900
EURUSD;D;09/10/18;000000;1.1490800;1.1503400;1.1429000;1.1488000
EURUSD;D;10/10/18;000000;1.1487600;1.1545400;1.1477000;1.1519000
EURUSD;D;11/10/18;000000;1.1517600;1.1599300;1.1517500;1.1592500
EURUSD;D;12/10/18;000000;1.1592700;1.1610500;1.1533000;1.1557100
EURUSD;D;13/10/18;000000;1.1558500;1.1558500;1.1558500;1.1558500
EURUSD;D;14/10/18;000000;1.1559300;1.1563200;1.1534000;1.1540300
EURUSD;D;15/10/18;000000;1.1541000;1.1606200;1.1537800;1.1579000
EURUSD;D;16/10/18;000000;1.1578900;1.1621500;1.1563000;1.1573400
EURUSD;D;17/10/18;000000;1.1572200;1.1580500;1.1495000;1.1500000
EURUSD;D;18/10/18;000000;1.1500000;1.1527300;1.1448000;1.1452400
EURUSD;D;19/10/18;000000;1.1452200;1.1534600;1.1432000;1.1512300
EURUSD;D;20/10/18;000000;1.1513000;1.1514000;1.1511200;1.1512900
EURUSD;D;21/10/18;000000;1.1510500;1.1518000;1.1507000;1.1515500
EURUSD;D;22/10/18;000000;1.1514800;1.1550200;1.1454000;1.1463600
EURUSD;D;23/10/18;000000;1.1463400;1.1493800;1.1438000;1.1468300
EURUSD;D;24/10/18;000000;1.1470100;1.1476800;1.1378000;1.1391300
EURUSD;D;25/10/18;000000;1.1391400;1.1432600;1.1355000;1.1374100
EURUSD;D;26/10/18;000000;1.1374500;1.1421200;1.1334000;1.1401000
EURUSD;D;27/10/18;000000;1.1402000;1.1402000;1.1400000;1.1400000
EURUSD;D;28/10/18;000000;1.1405800;1.1409000;1.1385000;1.1390100
EURUSD;D;29/10/18;000000;1.1392000;1.1416400;1.1359000;1.1372100
EURUSD;D;30/10/18;000000;1.1372100;1.1387900;1.1337000;1.1343400
EURUSD;D;31/10/18;000000;1.1343100;1.1360400;1.1300000;1.1311300
EURUSD;D;01/11/18;000000;1.1311000;1.1424100;1.1304600;1.1407900
EURUSD;D;02/11/18;000000;1.1407700;1.1455800;1.1371000;1.1386200
EURUSD;D;03/11/18;000000;1.1389000;1.1389000;1.1385400;1.1387000
EURUSD;D;04/11/18;000000;1.1395000;1.1406900;1.1394000;1.1399600
EURUSD;D;05/11/18;000000;1.1399500;1.1424000;1.1352800;1.1407700
EURUSD;D;06/11/18;000000;1.1407500;1.1438000;1.1390000;1.1417800
EURUSD;D;07/11/18;000000;1.1417700;1.1499700;1.1393000;1.1438700
EURUSD;D;08/11/18;000000;1.1438900;1.1446900;1.1350000;1.1359000
EURUSD;D;09/11/18;000000;1.1360200;1.1369000;1.1315000;1.1337300
EURUSD;D;10/11/18;000000;1.1336800;1.1339800;1.1331000;1.1333000
EURUSD;D;11/11/18;000000;1.1332000;1.1332000;1.1310000;1.1314000
EURUSD;D;12/11/18;000000;1.1314000;1.1331000;1.1232000;1.1233400
EURUSD;D;13/11/18;000000;1.1233400;1.1293600;1.1214000;1.1284800
EURUSD;D;14/11/18;000000;1.1284800;1.1347600;1.1262000;1.1322400
EURUSD;D;15/11/18;000000;1.1322400;1.1362400;1.1269800;1.1331800
EURUSD;D;16/11/18;000000;1.1332500;1.1420100;1.1318000;1.1415100
EURUSD;D;17/11/18;000000;1.1416000;1.1420300;1.1411000;1.1418000
EURUSD;D;18/11/18;000000;1.1408000;1.1411600;1.1397000;1.1402000
EURUSD;D;19/11/18;000000;1.1402600;1.1465000;1.1393000;1.1450000
EURUSD;D;20/11/18;000000;1.1451200;1.1472400;1.1356000;1.1369000
EURUSD;D;21/11/18;000000;1.1369100;1.1424800;1.1362000;1.1382300
EURUSD;D;22/11/18;000000;1.1382500;1.1434100;1.1378700;1.1404900
EURUSD;D;23/11/18;000000;1.1404200;1.1421200;1.1326200;1.1329000
EURUSD;D;24/11/18;000000;1.1329600;1.1338000;1.1327000;1.1336500
EURUSD;D;25/11/18;000000;1.1340600;1.1348000;1.1338000;1.1341000
EURUSD;D;26/11/18;000000;1.1339000;1.1383700;1.1324000;1.1333900
EURUSD;D;27/11/18;000000;1.1333900;1.1343700;1.1276000;1.1296300
EURUSD;D;28/11/18;000000;1.1296500;1.1387500;1.1265000;1.1369500
EURUSD;D;29/11/18;000000;1.1369500;1.1401800;1.1347000;1.1389300
EURUSD;D;30/11/18;000000;1.1389400;1.1400500;1.1304000;1.1321400
EURUSD;D;01/12/18;000000;1.1320700;1.1322200;1.1312200;1.1319200
EURUSD;D;02/12/18;000000;1.1346500;1.1367300;1.1342000;1.1356900
EURUSD;D;03/12/18;000000;1.1357000;1.1379800;1.1318000;1.1344800
EURUSD;D;04/12/18;000000;1.1344200;1.1419000;1.1317000;1.1337600
EURUSD;D;05/12/18;000000;1.1337600;1.1361300;1.1309900;1.1344000
EURUSD;D;06/12/18;000000;1.1344500;1.1412600;1.1320000;1.1381900
EURUSD;D;07/12/18;000000;1.1381900;1.1423700;1.1359000;1.1410900
EURUSD;D;08/12/18;000000;1.1410600;1.1412000;1.1377600;1.1389200
EURUSD;D;09/12/18;000000;1.1395000;1.1402300;1.1380000;1.1386600
EURUSD;D;10/12/18;000000;1.1385000;1.1442700;1.1348000;1.1354700
EURUSD;D;11/12/18;000000;1.1354700;1.1400400;1.1305000;1.1326500
EURUSD;D;12/12/18;000000;1.1326400;1.1387300;1.1312000;1.1370900
EURUSD;D;13/12/18;000000;1.1371000;1.1393300;1.1330000;1.1363800
EURUSD;D;14/12/18;000000;1.1363200;1.1365000;1.1268000;1.1299900
EURUSD;D;15/12/18;000000;1.1300100;1.1307000;1.1298000;1.1307000
EURUSD;D;16/12/18;000000;1.1302800;1.1305500;1.1297000;1.1301000
EURUSD;D;17/12/18;000000;1.1302000;1.1357700;1.1296900;1.1345200
EURUSD;D;18/12/18;000000;1.1345300;1.1402300;1.1335000;1.1363800
EURUSD;D;19/12/18;000000;1.1363100;1.1439300;1.1354600;1.1373200
EURUSD;D;20/12/18;000000;1.1372800;1.1485900;1.1366000;1.1459600
EURUSD;D;21/12/18;000000;1.1459800;1.1474000;1.1354000;1.1358800
EURUSD;D;22/12/18;000000;1.1358800;1.1374600;1.1356000;1.1367000
EURUSD;D;23/12/18;000000;1.1369700;1.1387000;1.1355000;1.1361800
EURUSD;D;24/12/18;000000;1.1364800;1.1438600;1.1359000;1.1405500
EURUSD;D;25/12/18;000000;1.1405400;1.1417600;1.1364500;1.1387000
EURUSD;D;26/12/18;000000;1.1387000;1.1420000;1.1341000;1.1353400
EURUSD;D;27/12/18;000000;1.1353400;1.1454200;1.1347000;1.1439700
EURUSD;D;28/12/18;000000;1.1439800;1.1472800;1.1425000;1.1442000
EURUSD;D;29/12/18;000000;1.1441900;1.1451000;1.1437900;1.1441500
EURUSD;D;30/12/18;000000;1.1445000;1.1450000;1.1438000;1.1440000
EURUSD;D;31/12/18;000000;1.1441600;1.1466100;1.1420000;1.1456000
EURUSD;D;01/01/19;000000;1.1456000;1.1545000;1.1446000;1.1459000
